location_type,region_name,iso3,location_name,sex_name,age_name,year,cause_name,measure_name,metric_name,val,upper,lower
country,Western Pacific Region,CHN,China,Male,All ages,2023,All causes,Probability of death,Probability of death,1.0,,
country,Western Pacific Region,CHN,China,Female,All ages,2023,All causes,Probability of death,Probability of death,1.0,,
country,Western Pacific Region,CHN,China,Both,All ages,2023,All causes,Probability of death,Probability of death,1.0,,
country,South-East Asia Region,PRK,Democratic People's Republic of Korea,Male,All ages,2023,All causes,Probability of death,Probability of death,1.0,,
country,South-East Asia Region,PRK,Democratic People's Republic of Korea,Female,All ages,2023,All causes,Probability of death,Probability of death,1.0,,
country,South-East Asia Region,PRK,Democratic People's Republic of Korea,Both,All ages,2023,All causes,Probability of death,Probability of death,1.0,,
country,,TWN,Taiwan,Male,All ages,2023,All causes,Probability of death,Probability of death,1.0,,
country,,TWN,Taiwan,Female,All ages,2023,All causes,Probability of death,Probability of death,1.0,,
country,,TWN,Taiwan,Both,All ages,2023,All causes,Probability of death,Probability of death,1.0,,
country,Western Pacific Region,KHM,Cambodia,Male,All ages,2023,All causes,Probability of death,Probability of death,1.0,,
country,Western Pacific Region,KHM,Cambodia,Female,All ages,2023,All causes,Probability of death,Probability of death,1.0,,
country,Western Pacific Region,KHM,Cambodia,Both,All ages,2023,All causes,Probability of death,Probability of death,1.0,,
country,South-East Asia Region,IDN,Indonesia,Male,All ages,2023,All causes,Probability of death,Probability of death,1.0,,
country,South-East Asia Region,IDN,Indonesia,Female,All ages,2023,All causes,Probability of death,Probability of death,1.0,,
country,South-East Asia Region,IDN,Indonesia,Both,All ages,2023,All causes,Probability of death,Probability of death,1.0,,
country,Western Pacific Region,LAO,Lao People's Democratic Republic,Male,All ages,2023,All causes,Probability of death,Probability of death,1.0,,
country,Western Pacific Region,LAO,Lao People's Democratic Republic,Female,All ages,2023,All causes,Probability of death,Probability of death,1.0,,
country,Western Pacific Region,LAO,Lao People's Democratic Republic,Both,All ages,2023,All causes,Probability of death,Probability of death,1.0,,
country,Western Pacific Region,MYS,Malaysia,Male,All ages,2023,All causes,Probability of death,Probability of death,1.0,,
country,Western Pacific Region,MYS,Malaysia,Female,All ages,2023,All causes,Probability of death,Probability of death,1.0,,
country,Western Pacific Region,MYS,Malaysia,Both,All ages,2023,All causes,Probability of death,Probability of death,1.0,,
country,South-East Asia Region,MDV,Maldives,Male,All ages,2023,All causes,Probability of death,Probability of death,1.0,,
country,South-East Asia Region,MDV,Maldives,Female,All ages,2023,All causes,Probability of death,Probability of death,1.0,,
country,South-East Asia Region,MDV,Maldives,Both,All ages,2023,All causes,Probability of death,Probability of death,1.0,,
country,South-East Asia Region,MMR,Myanmar,Male,All ages,2023,All causes,Probability of death,Probability of death,1.0,,
country,South-East Asia Region,MMR,Myanmar,Female,All ages,2023,All causes,Probability of death,Probability of death,1.0,,
country,South-East Asia Region,MMR,Myanmar,Both,All ages,2023,All causes,Probability of death,Probability of death,1.0,,
country,Western Pacific Region,PHL,Philippines,Male,All ages,2023,All causes,Probability of death,Probability of death,1.0,,
country,Western Pacific Region,PHL,Philippines,Female,All ages,2023,All causes,Probability of death,Probability of death,1.0,,
country,Western Pacific Region,PHL,Philippines,Both,All ages,2023,All causes,Probability of death,Probability of death,1.0,,
country,South-East Asia Region,LKA,Sri Lanka,Male,All ages,2023,All causes,Probability of death,Probability of death,1.0,,
country,South-East Asia Region,LKA,Sri Lanka,Female,All ages,2023,All causes,Probability of death,Probability of death,1.0,,
country,South-East Asia Region,LKA,Sri Lanka,Both,All ages,2023,All causes,Probability of death,Probability of death,1.0,,
country,South-East Asia Region,THA,Thailand,Male,All ages,2023,All causes,Probability of death,Probability of death,1.0,,
country,South-East Asia Region,THA,Thailand,Female,All ages,2023,All causes,Probability of death,Probability of death,1.0,,
country,South-East Asia Region,THA,Thailand,Both,All ages,2023,All causes,Probability of death,Probability of death,1.0,,
country,South-East Asia Region,TLS,Timor-Leste,Male,All ages,2023,All causes,Probability of death,Probability of death,1.0,,
country,South-East Asia Region,TLS,Timor-Leste,Female,All ages,2023,All causes,Probability of death,Probability of death,1.0,,
country,South-East Asia Region,TLS,Timor-Leste,Both,All ages,2023,All causes,Probability of death,Probability of death,1.0,,
country,Western Pacific Region,VNM,Viet Nam,Male,All ages,2023,All causes,Probability of death,Probability of death,1.0,,
country,Western Pacific Region,VNM,Viet Nam,Female,All ages,2023,All causes,Probability of death,Probability of death,1.0,,
country,Western Pacific Region,VNM,Viet Nam,Both,All ages,2023,All causes,Probability of death,Probability of death,1.0,,
country,Western Pacific Region,FJI,Fiji,Male,All ages,2023,All causes,Probability of death,Probability of death,1.0,,
country,Western Pacific Region,FJI,Fiji,Female,All ages,2023,All causes,Probability of death,Probability of death,1.0,,
country,Western Pacific Region,FJI,Fiji,Both,All ages,2023,All causes,Probability of death,Probability of death,1.0,,
country,Western Pacific Region,KIR,Kiribati,Male,All ages,2023,All causes,Probability of death,Probability of death,1.0,,
country,Western Pacific Region,KIR,Kiribati,Female,All ages,2023,All causes,Probability of death,Probability of death,1.0,,
country,Western Pacific Region,KIR,Kiribati,Both,All ages,2023,All causes,Probability of death,Probability of death,1.0,,
country,,MHL,Marshall Islands,Male,All ages,2023,All causes,Probability of death,Probability of death,1.0,,
country,,MHL,Marshall Islands,Female,All ages,2023,All causes,Probability of death,Probability of death,1.0,,
country,,MHL,Marshall Islands,Both,All ages,2023,All causes,Probability of death,Probability of death,1.0,,
country,Western Pacific Region,FSM,Micronesia (Federated States of),Male,All ages,2023,All causes,Probability of death,Probability of death,1.0,,
country,Western Pacific Region,FSM,Micronesia (Federated States of),Female,All ages,2023,All causes,Probability of death,Probability of death,1.0,,
country,Western Pacific Region,FSM,Micronesia (Federated States of),Both,All ages,2023,All causes,Probability of death,Probability of death,1.0,,
country,Western Pacific Region,PNG,Papua New Guinea,Male,All ages,2023,All causes,Probability of death,Probability of death,1.0,,
country,Western Pacific Region,PNG,Papua New Guinea,Female,All ages,2023,All causes,Probability of death,Probability of death,1.0,,
country,Western Pacific Region,PNG,Papua New Guinea,Both,All ages,2023,All causes,Probability of death,Probability of death,1.0,,
country,Western Pacific Region,WSM,Samoa,Male,All ages,2023,All causes,Probability of death,Probability of death,1.0,,
country,Western Pacific Region,WSM,Samoa,Female,All ages,2023,All causes,Probability of death,Probability of death,1.0,,
country,Western Pacific Region,WSM,Samoa,Both,All ages,2023,All causes,Probability of death,Probability of death,1.0,,
country,Western Pacific Region,SLB,Solomon Islands,Male,All ages,2023,All causes,Probability of death,Probability of death,1.0,,
country,Western Pacific Region,SLB,Solomon Islands,Female,All ages,2023,All causes,Probability of death,Probability of death,1.0,,
country,Western Pacific Region,SLB,Solomon Islands,Both,All ages,2023,All causes,Probability of death,Probability of death,1.0,,
country,Western Pacific Region,TON,Tonga,Male,All ages,2023,All causes,Probability of death,Probability of death,1.0,,
country,Western Pacific Region,TON,Tonga,Female,All ages,2023,All causes,Probability of death,Probability of death,1.0,,
country,Western Pacific Region,TON,Tonga,Both,All ages,2023,All causes,Probability of death,Probability of death,1.0,,
country,Western Pacific Region,VUT,Vanuatu,Male,All ages,2023,All causes,Probability of death,Probability of death,1.0,,
country,Western Pacific Region,VUT,Vanuatu,Female,All ages,2023,All causes,Probability of death,Probability of death,1.0,,
country,Western Pacific Region,VUT,Vanuatu,Both,All ages,2023,All causes,Probability of death,Probability of death,1.0,,
country,European Region,ARM,Armenia,Male,All ages,2023,All causes,Probability of death,Probability of death,1.0,,
country,European Region,ARM,Armenia,Female,All ages,2023,All causes,Probability of death,Probability of death,1.0,,
country,European Region,ARM,Armenia,Both,All ages,2023,All causes,Probability of death,Probability of death,1.0,,
country,European Region,AZE,Azerbaijan,Male,All ages,2023,All causes,Probability of death,Probability of death,1.0,,
country,European Region,AZE,Azerbaijan,Female,All ages,2023,All causes,Probability of death,Probability of death,1.0,,
country,European Region,AZE,Azerbaijan,Both,All ages,2023,All causes,Probability of death,Probability of death,1.0,,
country,European Region,GEO,Georgia,Male,All ages,2023,All causes,Probability of death,Probability of death,1.0,,
country,European Region,GEO,Georgia,Female,All ages,2023,All causes,Probability of death,Probability of death,1.0,,
country,European Region,GEO,Georgia,Both,All ages,2023,All causes,Probability of death,Probability of death,1.0,,
country,European Region,KAZ,Kazakhstan,Male,All ages,2023,All causes,Probability of death,Probability of death,1.0,,
country,European Region,KAZ,Kazakhstan,Female,All ages,2023,All causes,Probability of death,Probability of death,1.0,,
country,European Region,KAZ,Kazakhstan,Both,All ages,2023,All causes,Probability of death,Probability of death,1.0,,
country,European Region,KGZ,Kyrgyzstan,Male,All ages,2023,All causes,Probability of death,Probability of death,1.0,,
country,European Region,KGZ,Kyrgyzstan,Female,All ages,2023,All causes,Probability of death,Probability of death,1.0,,
country,European Region,KGZ,Kyrgyzstan,Both,All ages,2023,All causes,Probability of death,Probability of death,1.0,,
country,Western Pacific Region,MNG,Mongolia,Male,All ages,2023,All causes,Probability of death,Probability of death,1.0,,
country,Western Pacific Region,MNG,Mongolia,Female,All ages,2023,All causes,Probability of death,Probability of death,1.0,,
country,Western Pacific Region,MNG,Mongolia,Both,All ages,2023,All causes,Probability of death,Probability of death,1.0,,
country,European Region,TJK,Tajikistan,Male,All ages,2023,All causes,Probability of death,Probability of death,1.0,,
country,European Region,TJK,Tajikistan,Female,All ages,2023,All causes,Probability of death,Probability of death,1.0,,
country,European Region,TJK,Tajikistan,Both,All ages,2023,All causes,Probability of death,Probability of death,1.0,,
country,European Region,TKM,Turkmenistan,Male,All ages,2023,All causes,Probability of death,Probability of death,1.0,,
country,European Region,TKM,Turkmenistan,Female,All ages,2023,All causes,Probability of death,Probability of death,1.0,,
country,European Region,TKM,Turkmenistan,Both,All ages,2023,All causes,Probability of death,Probability of death,1.0,,
country,European Region,UZB,Uzbekistan,Male,All ages,2023,All causes,Probability of death,Probability of death,1.0,,
country,European Region,UZB,Uzbekistan,Female,All ages,2023,All causes,Probability of death,Probability of death,1.0,,
country,European Region,UZB,Uzbekistan,Both,All ages,2023,All causes,Probability of death,Probability of death,1.0,,
country,European Region,ALB,Albania,Male,All ages,2023,All causes,Probability of death,Probability of death,1.0,,
country,European Region,ALB,Albania,Female,All ages,2023,All causes,Probability of death,Probability of death,1.0,,
country,European Region,ALB,Albania,Both,All ages,2023,All causes,Probability of death,Probability of death,1.0,,
country,European Region,BIH,Bosnia and Herzegovina,Male,All ages,2023,All causes,Probability of death,Probability of death,1.0,,
country,European Region,BIH,Bosnia and Herzegovina,Female,All ages,2023,All causes,Probability of death,Probability of death,1.0,,
country,European Region,BIH,Bosnia and Herzegovina,Both,All ages,2023,All causes,Probability of death,Probability of death,1.0,,
country,European Region,BGR,Bulgaria,Male,All ages,2023,All causes,Probability of death,Probability of death,1.0,,
country,European Region,BGR,Bulgaria,Female,All ages,2023,All causes,Probability of death,Probability of death,1.0,,
country,European Region,BGR,Bulgaria,Both,All ages,2023,All causes,Probability of death,Probability of death,1.0,,
country,European Region,HRV,Croatia,Male,All ages,2023,All causes,Probability of death,Probability of death,1.0,,
country,European Region,HRV,Croatia,Female,All ages,2023,All causes,Probability of death,Probability of death,1.0,,
country,European Region,HRV,Croatia,Both,All ages,2023,All causes,Probability of death,Probability of death,1.0,,
country,European Region,CZE,Czechia,Male,All ages,2023,All causes,Probability of death,Probability of death,1.0,,
country,European Region,CZE,Czechia,Female,All ages,2023,All causes,Probability of death,Probability of death,1.0,,
country,European Region,CZE,Czechia,Both,All ages,2023,All causes,Probability of death,Probability of death,1.0,,
country,European Region,HUN,Hungary,Male,All ages,2023,All causes,Probability of death,Probability of death,1.0,,
country,European Region,HUN,Hungary,Female,All ages,2023,All causes,Probability of death,Probability of death,1.0,,
country,European Region,HUN,Hungary,Both,All ages,2023,All causes,Probability of death,Probability of death,1.0,,
country,European Region,MKD,North Macedonia,Male,All ages,2023,All causes,Probability of death,Probability of death,1.0,,
country,European Region,MKD,North Macedonia,Female,All ages,2023,All causes,Probability of death,Probability of death,1.0,,
country,European Region,MKD,North Macedonia,Both,All ages,2023,All causes,Probability of death,Probability of death,1.0,,
country,European Region,MNE,Montenegro,Male,All ages,2023,All causes,Probability of death,Probability of death,1.0,,
country,European Region,MNE,Montenegro,Female,All ages,2023,All causes,Probability of death,Probability of death,1.0,,
country,European Region,MNE,Montenegro,Both,All ages,2023,All causes,Probability of death,Probability of death,1.0,,
country,European Region,POL,Poland,Male,All ages,2023,All causes,Probability of death,Probability of death,1.0,,
country,European Region,POL,Poland,Female,All ages,2023,All causes,Probability of death,Probability of death,1.0,,
country,European Region,POL,Poland,Both,All ages,2023,All causes,Probability of death,Probability of death,1.0,,
country,European Region,ROU,Romania,Male,All ages,2023,All causes,Probability of death,Probability of death,1.0,,
country,European Region,ROU,Romania,Female,All ages,2023,All causes,Probability of death,Probability of death,1.0,,
country,European Region,ROU,Romania,Both,All ages,2023,All causes,Probability of death,Probability of death,1.0,,
country,European Region,SRB,Serbia,Male,All ages,2023,All causes,Probability of death,Probability of death,1.0,,
country,European Region,SRB,Serbia,Female,All ages,2023,All causes,Probability of death,Probability of death,1.0,,
country,European Region,SRB,Serbia,Both,All ages,2023,All causes,Probability of death,Probability of death,1.0,,
country,European Region,SVK,Slovakia,Male,All ages,2023,All causes,Probability of death,Probability of death,1.0,,
country,European Region,SVK,Slovakia,Female,All ages,2023,All causes,Probability of death,Probability of death,1.0,,
country,European Region,SVK,Slovakia,Both,All ages,2023,All causes,Probability of death,Probability of death,1.0,,
country,European Region,SVN,Slovenia,Male,All ages,2023,All causes,Probability of death,Probability of death,1.0,,
country,European Region,SVN,Slovenia,Female,All ages,2023,All causes,Probability of death,Probability of death,1.0,,
country,European Region,SVN,Slovenia,Both,All ages,2023,All causes,Probability of death,Probability of death,1.0,,
country,European Region,BLR,Belarus,Male,All ages,2023,All causes,Probability of death,Probability of death,1.0,,
country,European Region,BLR,Belarus,Female,All ages,2023,All causes,Probability of death,Probability of death,1.0,,
country,European Region,BLR,Belarus,Both,All ages,2023,All causes,Probability of death,Probability of death,1.0,,
country,European Region,EST,Estonia,Male,All ages,2023,All causes,Probability of death,Probability of death,1.0,,
country,European Region,EST,Estonia,Female,All ages,2023,All causes,Probability of death,Probability of death,1.0,,
country,European Region,EST,Estonia,Both,All ages,2023,All causes,Probability of death,Probability of death,1.0,,
country,European Region,LVA,Latvia,Male,All ages,2023,All causes,Probability of death,Probability of death,1.0,,
country,European Region,LVA,Latvia,Female,All ages,2023,All causes,Probability of death,Probability of death,1.0,,
country,European Region,LVA,Latvia,Both,All ages,2023,All causes,Probability of death,Probability of death,1.0,,
country,European Region,LTU,Lithuania,Male,All ages,2023,All causes,Probability of death,Probability of death,1.0,,
country,European Region,LTU,Lithuania,Female,All ages,2023,All causes,Probability of death,Probability of death,1.0,,
country,European Region,LTU,Lithuania,Both,All ages,2023,All causes,Probability of death,Probability of death,1.0,,
country,European Region,MDA,Republic of Moldova,Male,All ages,2023,All causes,Probability of death,Probability of death,1.0,,
country,European Region,MDA,Republic of Moldova,Female,All ages,2023,All causes,Probability of death,Probability of death,1.0,,
country,European Region,MDA,Republic of Moldova,Both,All ages,2023,All causes,Probability of death,Probability of death,1.0,,
country,European Region,RUS,Russian Federation,Male,All ages,2023,All causes,Probability of death,Probability of death,1.0,,
country,European Region,RUS,Russian Federation,Female,All ages,2023,All causes,Probability of death,Probability of death,1.0,,
country,European Region,RUS,Russian Federation,Both,All ages,2023,All causes,Probability of death,Probability of death,1.0,,
country,European Region,UKR,Ukraine,Male,All ages,2023,All causes,Probability of death,Probability of death,1.0,,
country,European Region,UKR,Ukraine,Female,All ages,2023,All causes,Probability of death,Probability of death,1.0,,
country,European Region,UKR,Ukraine,Both,All ages,2023,All causes,Probability of death,Probability of death,1.0,,
country,Western Pacific Region,BRN,Brunei Darussalam,Male,All ages,2023,All causes,Probability of death,Probability of death,1.0,,
country,Western Pacific Region,BRN,Brunei Darussalam,Female,All ages,2023,All causes,Probability of death,Probability of death,1.0,,
country,Western Pacific Region,BRN,Brunei Darussalam,Both,All ages,2023,All causes,Probability of death,Probability of death,1.0,,
country,Eastern Mediterranean Region,SDN,Sudan,Male,All ages,2023,All causes,Probability of death,Probability of death,1.0,,
country,Eastern Mediterranean Region,SDN,Sudan,Female,All ages,2023,All causes,Probability of death,Probability of death,1.0,,
country,Eastern Mediterranean Region,SDN,Sudan,Both,All ages,2023,All causes,Probability of death,Probability of death,1.0,,
country,Region of the Americas,NIC,Nicaragua,Male,All ages,2023,All causes,Probability of death,Probability of death,1.0,,
country,Region of the Americas,NIC,Nicaragua,Female,All ages,2023,All causes,Probability of death,Probability of death,1.0,,
country,Region of the Americas,NIC,Nicaragua,Both,All ages,2023,All causes,Probability of death,Probability of death,1.0,,
country,Region of the Americas,PAN,Panama,Male,All ages,2023,All causes,Probability of death,Probability of death,1.0,,
country,Region of the Americas,PAN,Panama,Female,All ages,2023,All causes,Probability of death,Probability of death,1.0,,
country,Region of the Americas,PAN,Panama,Both,All ages,2023,All causes,Probability of death,Probability of death,1.0,,
country,Region of the Americas,VEN,Venezuela (Bolivarian Republic of),Male,All ages,2023,All causes,Probability of death,Probability of death,1.0,,
country,Region of the Americas,VEN,Venezuela (Bolivarian Republic of),Female,All ages,2023,All causes,Probability of death,Probability of death,1.0,,
country,Region of the Americas,VEN,Venezuela (Bolivarian Republic of),Both,All ages,2023,All causes,Probability of death,Probability of death,1.0,,
country,Region of the Americas,BRA,Brazil,Male,All ages,2023,All causes,Probability of death,Probability of death,1.0,,
country,Region of the Americas,BRA,Brazil,Female,All ages,2023,All causes,Probability of death,Probability of death,1.0,,
country,Region of the Americas,BRA,Brazil,Both,All ages,2023,All causes,Probability of death,Probability of death,1.0,,
country,Region of the Americas,PRY,Paraguay,Male,All ages,2023,All causes,Probability of death,Probability of death,1.0,,
country,Region of the Americas,PRY,Paraguay,Female,All ages,2023,All causes,Probability of death,Probability of death,1.0,,
country,Region of the Americas,PRY,Paraguay,Both,All ages,2023,All causes,Probability of death,Probability of death,1.0,,
country,African Region,DZA,Algeria,Male,All ages,2023,All causes,Probability of death,Probability of death,1.0,,
country,African Region,DZA,Algeria,Female,All ages,2023,All causes,Probability of death,Probability of death,1.0,,
country,African Region,DZA,Algeria,Both,All ages,2023,All causes,Probability of death,Probability of death,1.0,,
country,Eastern Mediterranean Region,BHR,Bahrain,Male,All ages,2023,All causes,Probability of death,Probability of death,1.0,,
country,Eastern Mediterranean Region,BHR,Bahrain,Female,All ages,2023,All causes,Probability of death,Probability of death,1.0,,
country,Eastern Mediterranean Region,BHR,Bahrain,Both,All ages,2023,All causes,Probability of death,Probability of death,1.0,,
country,Eastern Mediterranean Region,EGY,Egypt,Male,All ages,2023,All causes,Probability of death,Probability of death,1.0,,
country,Eastern Mediterranean Region,EGY,Egypt,Female,All ages,2023,All causes,Probability of death,Probability of death,1.0,,
country,Eastern Mediterranean Region,EGY,Egypt,Both,All ages,2023,All causes,Probability of death,Probability of death,1.0,,
country,Eastern Mediterranean Region,IRN,Iran (Islamic Republic of),Male,All ages,2023,All causes,Probability of death,Probability of death,1.0,,
country,Eastern Mediterranean Region,IRN,Iran (Islamic Republic of),Female,All ages,2023,All causes,Probability of death,Probability of death,1.0,,
country,Eastern Mediterranean Region,IRN,Iran (Islamic Republic of),Both,All ages,2023,All causes,Probability of death,Probability of death,1.0,,
country,Eastern Mediterranean Region,IRQ,Iraq,Male,All ages,2023,All causes,Probability of death,Probability of death,1.0,,
country,Eastern Mediterranean Region,IRQ,Iraq,Female,All ages,2023,All causes,Probability of death,Probability of death,1.0,,
country,Eastern Mediterranean Region,IRQ,Iraq,Both,All ages,2023,All causes,Probability of death,Probability of death,1.0,,
country,Eastern Mediterranean Region,JOR,Jordan,Male,All ages,2023,All causes,Probability of death,Probability of death,1.0,,
country,Eastern Mediterranean Region,JOR,Jordan,Female,All ages,2023,All causes,Probability of death,Probability of death,1.0,,
country,Eastern Mediterranean Region,JOR,Jordan,Both,All ages,2023,All causes,Probability of death,Probability of death,1.0,,
country,Eastern Mediterranean Region,KWT,Kuwait,Male,All ages,2023,All causes,Probability of death,Probability of death,1.0,,
country,Eastern Mediterranean Region,KWT,Kuwait,Female,All ages,2023,All causes,Probability of death,Probability of death,1.0,,
country,Eastern Mediterranean Region,KWT,Kuwait,Both,All ages,2023,All causes,Probability of death,Probability of death,1.0,,
country,Eastern Mediterranean Region,LBN,Lebanon,Male,All ages,2023,All causes,Probability of death,Probability of death,1.0,,
country,Eastern Mediterranean Region,LBN,Lebanon,Female,All ages,2023,All causes,Probability of death,Probability of death,1.0,,
country,Eastern Mediterranean Region,LBN,Lebanon,Both,All ages,2023,All causes,Probability of death,Probability of death,1.0,,
country,Eastern Mediterranean Region,LBY,Libya,Male,All ages,2023,All causes,Probability of death,Probability of death,1.0,,
country,Eastern Mediterranean Region,LBY,Libya,Female,All ages,2023,All causes,Probability of death,Probability of death,1.0,,
country,Eastern Mediterranean Region,LBY,Libya,Both,All ages,2023,All causes,Probability of death,Probability of death,1.0,,
country,Eastern Mediterranean Region,MAR,Morocco,Male,All ages,2023,All causes,Probability of death,Probability of death,1.0,,
country,Eastern Mediterranean Region,MAR,Morocco,Female,All ages,2023,All causes,Probability of death,Probability of death,1.0,,
country,Eastern Mediterranean Region,MAR,Morocco,Both,All ages,2023,All causes,Probability of death,Probability of death,1.0,,
country,,PSE,Palestine,Male,All ages,2023,All causes,Probability of death,Probability of death,1.0,,
country,,PSE,Palestine,Female,All ages,2023,All causes,Probability of death,Probability of death,1.0,,
country,,PSE,Palestine,Both,All ages,2023,All causes,Probability of death,Probability of death,1.0,,
country,Eastern Mediterranean Region,OMN,Oman,Male,All ages,2023,All causes,Probability of death,Probability of death,1.0,,
country,Eastern Mediterranean Region,OMN,Oman,Female,All ages,2023,All causes,Probability of death,Probability of death,1.0,,
country,Eastern Mediterranean Region,OMN,Oman,Both,All ages,2023,All causes,Probability of death,Probability of death,1.0,,
country,Eastern Mediterranean Region,QAT,Qatar,Male,All ages,2023,All causes,Probability of death,Probability of death,1.0,,
country,Eastern Mediterranean Region,QAT,Qatar,Female,All ages,2023,All causes,Probability of death,Probability of death,1.0,,
country,Eastern Mediterranean Region,QAT,Qatar,Both,All ages,2023,All causes,Probability of death,Probability of death,1.0,,
country,Eastern Mediterranean Region,SAU,Saudi Arabia,Male,All ages,2023,All causes,Probability of death,Probability of death,1.0,,
country,Eastern Mediterranean Region,SAU,Saudi Arabia,Female,All ages,2023,All causes,Probability of death,Probability of death,1.0,,
country,Eastern Mediterranean Region,SAU,Saudi Arabia,Both,All ages,2023,All causes,Probability of death,Probability of death,1.0,,
country,Eastern Mediterranean Region,SYR,Syrian Arab Republic,Male,All ages,2023,All causes,Probability of death,Probability of death,1.0,,
country,Eastern Mediterranean Region,SYR,Syrian Arab Republic,Female,All ages,2023,All causes,Probability of death,Probability of death,1.0,,
country,Eastern Mediterranean Region,SYR,Syrian Arab Republic,Both,All ages,2023,All causes,Probability of death,Probability of death,1.0,,
country,Eastern Mediterranean Region,TUN,Tunisia,Male,All ages,2023,All causes,Probability of death,Probability of death,1.0,,
country,Eastern Mediterranean Region,TUN,Tunisia,Female,All ages,2023,All causes,Probability of death,Probability of death,1.0,,
country,Eastern Mediterranean Region,TUN,Tunisia,Both,All ages,2023,All causes,Probability of death,Probability of death,1.0,,
country,European Region,TUR,Türkiye,Male,All ages,2023,All causes,Probability of death,Probability of death,1.0,,
country,European Region,TUR,Türkiye,Female,All ages,2023,All causes,Probability of death,Probability of death,1.0,,
country,European Region,TUR,Türkiye,Both,All ages,2023,All causes,Probability of death,Probability of death,1.0,,
country,Eastern Mediterranean Region,ARE,United Arab Emirates,Male,All ages,2023,All causes,Probability of death,Probability of death,1.0,,
country,Eastern Mediterranean Region,ARE,United Arab Emirates,Female,All ages,2023,All causes,Probability of death,Probability of death,1.0,,
country,Eastern Mediterranean Region,ARE,United Arab Emirates,Both,All ages,2023,All causes,Probability of death,Probability of death,1.0,,
country,Eastern Mediterranean Region,YEM,Yemen,Male,All ages,2023,All causes,Probability of death,Probability of death,1.0,,
country,Eastern Mediterranean Region,YEM,Yemen,Female,All ages,2023,All causes,Probability of death,Probability of death,1.0,,
country,Eastern Mediterranean Region,YEM,Yemen,Both,All ages,2023,All causes,Probability of death,Probability of death,1.0,,
country,Eastern Mediterranean Region,AFG,Afghanistan,Male,All ages,2023,All causes,Probability of death,Probability of death,1.0,,
country,Eastern Mediterranean Region,AFG,Afghanistan,Female,All ages,2023,All causes,Probability of death,Probability of death,1.0,,
country,Eastern Mediterranean Region,AFG,Afghanistan,Both,All ages,2023,All causes,Probability of death,Probability of death,1.0,,
country,South-East Asia Region,BGD,Bangladesh,Male,All ages,2023,All causes,Probability of death,Probability of death,1.0,,
country,South-East Asia Region,BGD,Bangladesh,Female,All ages,2023,All causes,Probability of death,Probability of death,1.0,,
country,South-East Asia Region,BGD,Bangladesh,Both,All ages,2023,All causes,Probability of death,Probability of death,1.0,,
country,South-East Asia Region,BTN,Bhutan,Male,All ages,2023,All causes,Probability of death,Probability of death,1.0,,
country,South-East Asia Region,BTN,Bhutan,Female,All ages,2023,All causes,Probability of death,Probability of death,1.0,,
country,South-East Asia Region,BTN,Bhutan,Both,All ages,2023,All causes,Probability of death,Probability of death,1.0,,
country,South-East Asia Region,IND,India,Male,All ages,2023,All causes,Probability of death,Probability of death,1.0,,
country,South-East Asia Region,IND,India,Female,All ages,2023,All causes,Probability of death,Probability of death,1.0,,
country,South-East Asia Region,IND,India,Both,All ages,2023,All causes,Probability of death,Probability of death,1.0,,
country,South-East Asia Region,NPL,Nepal,Male,All ages,2023,All causes,Probability of death,Probability of death,1.0,,
country,South-East Asia Region,NPL,Nepal,Female,All ages,2023,All causes,Probability of death,Probability of death,1.0,,
country,South-East Asia Region,NPL,Nepal,Both,All ages,2023,All causes,Probability of death,Probability of death,1.0,,
country,Eastern Mediterranean Region,PAK,Pakistan,Male,All ages,2023,All causes,Probability of death,Probability of death,1.0,,
country,Eastern Mediterranean Region,PAK,Pakistan,Female,All ages,2023,All causes,Probability of death,Probability of death,1.0,,
country,Eastern Mediterranean Region,PAK,Pakistan,Both,All ages,2023,All causes,Probability of death,Probability of death,1.0,,
country,African Region,AGO,Angola,Male,All ages,2023,All causes,Probability of death,Probability of death,1.0,,
country,African Region,AGO,Angola,Female,All ages,2023,All causes,Probability of death,Probability of death,1.0,,
country,African Region,AGO,Angola,Both,All ages,2023,All causes,Probability of death,Probability of death,1.0,,
country,African Region,CAF,Central African Republic,Male,All ages,2023,All causes,Probability of death,Probability of death,1.0,,
country,African Region,CAF,Central African Republic,Female,All ages,2023,All causes,Probability of death,Probability of death,1.0,,
country,African Region,CAF,Central African Republic,Both,All ages,2023,All causes,Probability of death,Probability of death,1.0,,
country,African Region,COG,Congo,Male,All ages,2023,All causes,Probability of death,Probability of death,1.0,,
country,African Region,COG,Congo,Female,All ages,2023,All causes,Probability of death,Probability of death,1.0,,
country,African Region,COG,Congo,Both,All ages,2023,All causes,Probability of death,Probability of death,1.0,,
country,African Region,COD,Democratic Republic of the Congo,Male,All ages,2023,All causes,Probability of death,Probability of death,1.0,,
country,African Region,COD,Democratic Republic of the Congo,Female,All ages,2023,All causes,Probability of death,Probability of death,1.0,,
country,African Region,COD,Democratic Republic of the Congo,Both,All ages,2023,All causes,Probability of death,Probability of death,1.0,,
country,African Region,GNQ,Equatorial Guinea,Male,All ages,2023,All causes,Probability of death,Probability of death,1.0,,
country,African Region,GNQ,Equatorial Guinea,Female,All ages,2023,All causes,Probability of death,Probability of death,1.0,,
country,African Region,GNQ,Equatorial Guinea,Both,All ages,2023,All causes,Probability of death,Probability of death,1.0,,
country,African Region,GAB,Gabon,Male,All ages,2023,All causes,Probability of death,Probability of death,1.0,,
country,African Region,GAB,Gabon,Female,All ages,2023,All causes,Probability of death,Probability of death,1.0,,
country,African Region,GAB,Gabon,Both,All ages,2023,All causes,Probability of death,Probability of death,1.0,,
country,African Region,BDI,Burundi,Male,All ages,2023,All causes,Probability of death,Probability of death,1.0,,
country,African Region,BDI,Burundi,Female,All ages,2023,All causes,Probability of death,Probability of death,1.0,,
country,African Region,BDI,Burundi,Both,All ages,2023,All causes,Probability of death,Probability of death,1.0,,
country,African Region,COM,Comoros,Male,All ages,2023,All causes,Probability of death,Probability of death,1.0,,
country,African Region,COM,Comoros,Female,All ages,2023,All causes,Probability of death,Probability of death,1.0,,
country,African Region,COM,Comoros,Both,All ages,2023,All causes,Probability of death,Probability of death,1.0,,
country,Eastern Mediterranean Region,DJI,Djibouti,Male,All ages,2023,All causes,Probability of death,Probability of death,1.0,,
country,Eastern Mediterranean Region,DJI,Djibouti,Female,All ages,2023,All causes,Probability of death,Probability of death,1.0,,
country,Eastern Mediterranean Region,DJI,Djibouti,Both,All ages,2023,All causes,Probability of death,Probability of death,1.0,,
country,African Region,ERI,Eritrea,Male,All ages,2023,All causes,Probability of death,Probability of death,1.0,,
country,African Region,ERI,Eritrea,Female,All ages,2023,All causes,Probability of death,Probability of death,1.0,,
country,African Region,ERI,Eritrea,Both,All ages,2023,All causes,Probability of death,Probability of death,1.0,,
country,African Region,ETH,Ethiopia,Male,All ages,2023,All causes,Probability of death,Probability of death,1.0,,
country,African Region,ETH,Ethiopia,Female,All ages,2023,All causes,Probability of death,Probability of death,1.0,,
country,African Region,ETH,Ethiopia,Both,All ages,2023,All causes,Probability of death,Probability of death,1.0,,
country,African Region,KEN,Kenya,Male,All ages,2023,All causes,Probability of death,Probability of death,1.0,,
country,African Region,KEN,Kenya,Female,All ages,2023,All causes,Probability of death,Probability of death,1.0,,
country,African Region,KEN,Kenya,Both,All ages,2023,All causes,Probability of death,Probability of death,1.0,,
country,African Region,MDG,Madagascar,Male,All ages,2023,All causes,Probability of death,Probability of death,1.0,,
country,African Region,MDG,Madagascar,Female,All ages,2023,All causes,Probability of death,Probability of death,1.0,,
country,African Region,MDG,Madagascar,Both,All ages,2023,All causes,Probability of death,Probability of death,1.0,,
country,African Region,MWI,Malawi,Male,All ages,2023,All causes,Probability of death,Probability of death,1.0,,
country,African Region,MWI,Malawi,Female,All ages,2023,All causes,Probability of death,Probability of death,1.0,,
country,African Region,MWI,Malawi,Both,All ages,2023,All causes,Probability of death,Probability of death,1.0,,
country,African Region,MUS,Mauritius,Male,All ages,2023,All causes,Probability of death,Probability of death,1.0,,
country,African Region,MUS,Mauritius,Female,All ages,2023,All causes,Probability of death,Probability of death,1.0,,
country,African Region,MUS,Mauritius,Both,All ages,2023,All causes,Probability of death,Probability of death,1.0,,
country,Western Pacific Region,JPN,Japan,Male,All ages,2023,All causes,Probability of death,Probability of death,1.0,,
country,Western Pacific Region,JPN,Japan,Female,All ages,2023,All causes,Probability of death,Probability of death,1.0,,
country,Western Pacific Region,JPN,Japan,Both,All ages,2023,All causes,Probability of death,Probability of death,1.0,,
country,Western Pacific Region,KOR,Republic of Korea,Male,All ages,2023,All causes,Probability of death,Probability of death,1.0,,
country,Western Pacific Region,KOR,Republic of Korea,Female,All ages,2023,All causes,Probability of death,Probability of death,1.0,,
country,Western Pacific Region,KOR,Republic of Korea,Both,All ages,2023,All causes,Probability of death,Probability of death,1.0,,
country,Western Pacific Region,SGP,Singapore,Male,All ages,2023,All causes,Probability of death,Probability of death,1.0,,
country,Western Pacific Region,SGP,Singapore,Female,All ages,2023,All causes,Probability of death,Probability of death,1.0,,
country,Western Pacific Region,SGP,Singapore,Both,All ages,2023,All causes,Probability of death,Probability of death,1.0,,
country,Western Pacific Region,AUS,Australia,Male,All ages,2023,All causes,Probability of death,Probability of death,1.0,,
country,Western Pacific Region,AUS,Australia,Female,All ages,2023,All causes,Probability of death,Probability of death,1.0,,
country,Western Pacific Region,AUS,Australia,Both,All ages,2023,All causes,Probability of death,Probability of death,1.0,,
country,Western Pacific Region,NZL,New Zealand,Male,All ages,2023,All causes,Probability of death,Probability of death,1.0,,
country,Western Pacific Region,NZL,New Zealand,Female,All ages,2023,All causes,Probability of death,Probability of death,1.0,,
country,Western Pacific Region,NZL,New Zealand,Both,All ages,2023,All causes,Probability of death,Probability of death,1.0,,
country,European Region,AUT,Austria,Male,All ages,2023,All causes,Probability of death,Probability of death,1.0,,
country,European Region,AUT,Austria,Female,All ages,2023,All causes,Probability of death,Probability of death,1.0,,
country,European Region,AUT,Austria,Both,All ages,2023,All causes,Probability of death,Probability of death,1.0,,
country,European Region,BEL,Belgium,Male,All ages,2023,All causes,Probability of death,Probability of death,1.0,,
country,European Region,BEL,Belgium,Female,All ages,2023,All causes,Probability of death,Probability of death,1.0,,
country,European Region,BEL,Belgium,Both,All ages,2023,All causes,Probability of death,Probability of death,1.0,,
country,European Region,CYP,Cyprus,Male,All ages,2023,All causes,Probability of death,Probability of death,1.0,,
country,European Region,CYP,Cyprus,Female,All ages,2023,All causes,Probability of death,Probability of death,1.0,,
country,European Region,CYP,Cyprus,Both,All ages,2023,All causes,Probability of death,Probability of death,1.0,,
country,European Region,DNK,Denmark,Male,All ages,2023,All causes,Probability of death,Probability of death,1.0,,
country,European Region,DNK,Denmark,Female,All ages,2023,All causes,Probability of death,Probability of death,1.0,,
country,European Region,DNK,Denmark,Both,All ages,2023,All causes,Probability of death,Probability of death,1.0,,
country,European Region,FIN,Finland,Male,All ages,2023,All causes,Probability of death,Probability of death,1.0,,
country,European Region,FIN,Finland,Female,All ages,2023,All causes,Probability of death,Probability of death,1.0,,
country,European Region,FIN,Finland,Both,All ages,2023,All causes,Probability of death,Probability of death,1.0,,
country,European Region,FRA,France,Male,All ages,2023,All causes,Probability of death,Probability of death,1.0,,
country,European Region,FRA,France,Female,All ages,2023,All causes,Probability of death,Probability of death,1.0,,
country,European Region,FRA,France,Both,All ages,2023,All causes,Probability of death,Probability of death,1.0,,
country,European Region,DEU,Germany,Male,All ages,2023,All causes,Probability of death,Probability of death,1.0,,
country,European Region,DEU,Germany,Female,All ages,2023,All causes,Probability of death,Probability of death,1.0,,
country,European Region,DEU,Germany,Both,All ages,2023,All causes,Probability of death,Probability of death,1.0,,
country,European Region,GRC,Greece,Male,All ages,2023,All causes,Probability of death,Probability of death,1.0,,
country,European Region,GRC,Greece,Female,All ages,2023,All causes,Probability of death,Probability of death,1.0,,
country,European Region,GRC,Greece,Both,All ages,2023,All causes,Probability of death,Probability of death,1.0,,
country,European Region,ISL,Iceland,Male,All ages,2023,All causes,Probability of death,Probability of death,1.0,,
country,European Region,ISL,Iceland,Female,All ages,2023,All causes,Probability of death,Probability of death,1.0,,
country,European Region,ISL,Iceland,Both,All ages,2023,All causes,Probability of death,Probability of death,1.0,,
country,European Region,IRL,Ireland,Male,All ages,2023,All causes,Probability of death,Probability of death,1.0,,
country,European Region,IRL,Ireland,Female,All ages,2023,All causes,Probability of death,Probability of death,1.0,,
country,European Region,IRL,Ireland,Both,All ages,2023,All causes,Probability of death,Probability of death,1.0,,
country,European Region,ISR,Israel,Male,All ages,2023,All causes,Probability of death,Probability of death,1.0,,
country,European Region,ISR,Israel,Female,All ages,2023,All causes,Probability of death,Probability of death,1.0,,
country,European Region,ISR,Israel,Both,All ages,2023,All causes,Probability of death,Probability of death,1.0,,
country,European Region,ITA,Italy,Male,All ages,2023,All causes,Probability of death,Probability of death,1.0,,
country,European Region,ITA,Italy,Female,All ages,2023,All causes,Probability of death,Probability of death,1.0,,
country,European Region,ITA,Italy,Both,All ages,2023,All causes,Probability of death,Probability of death,1.0,,
country,European Region,LUX,Luxembourg,Male,All ages,2023,All causes,Probability of death,Probability of death,1.0,,
country,European Region,LUX,Luxembourg,Female,All ages,2023,All causes,Probability of death,Probability of death,1.0,,
country,European Region,LUX,Luxembourg,Both,All ages,2023,All causes,Probability of death,Probability of death,1.0,,
country,European Region,MLT,Malta,Male,All ages,2023,All causes,Probability of death,Probability of death,1.0,,
country,European Region,MLT,Malta,Female,All ages,2023,All causes,Probability of death,Probability of death,1.0,,
country,European Region,MLT,Malta,Both,All ages,2023,All causes,Probability of death,Probability of death,1.0,,
country,European Region,NOR,Norway,Male,All ages,2023,All causes,Probability of death,Probability of death,1.0,,
country,European Region,NOR,Norway,Female,All ages,2023,All causes,Probability of death,Probability of death,1.0,,
country,European Region,NOR,Norway,Both,All ages,2023,All causes,Probability of death,Probability of death,1.0,,
country,European Region,PRT,Portugal,Male,All ages,2023,All causes,Probability of death,Probability of death,1.0,,
country,European Region,PRT,Portugal,Female,All ages,2023,All causes,Probability of death,Probability of death,1.0,,
country,European Region,PRT,Portugal,Both,All ages,2023,All causes,Probability of death,Probability of death,1.0,,
country,European Region,ESP,Spain,Male,All ages,2023,All causes,Probability of death,Probability of death,1.0,,
country,European Region,ESP,Spain,Female,All ages,2023,All causes,Probability of death,Probability of death,1.0,,
country,European Region,ESP,Spain,Both,All ages,2023,All causes,Probability of death,Probability of death,1.0,,
country,European Region,SWE,Sweden,Male,All ages,2023,All causes,Probability of death,Probability of death,1.0,,
country,European Region,SWE,Sweden,Female,All ages,2023,All causes,Probability of death,Probability of death,1.0,,
country,European Region,SWE,Sweden,Both,All ages,2023,All causes,Probability of death,Probability of death,1.0,,
country,European Region,CHE,Switzerland,Male,All ages,2023,All causes,Probability of death,Probability of death,1.0,,
country,European Region,CHE,Switzerland,Female,All ages,2023,All causes,Probability of death,Probability of death,1.0,,
country,European Region,CHE,Switzerland,Both,All ages,2023,All causes,Probability of death,Probability of death,1.0,,
country,Region of the Americas,ARG,Argentina,Male,All ages,2023,All causes,Probability of death,Probability of death,1.0,,
country,Region of the Americas,ARG,Argentina,Female,All ages,2023,All causes,Probability of death,Probability of death,1.0,,
country,Region of the Americas,ARG,Argentina,Both,All ages,2023,All causes,Probability of death,Probability of death,1.0,,
country,Region of the Americas,CHL,Chile,Male,All ages,2023,All causes,Probability of death,Probability of death,1.0,,
country,Region of the Americas,CHL,Chile,Female,All ages,2023,All causes,Probability of death,Probability of death,1.0,,
country,Region of the Americas,CHL,Chile,Both,All ages,2023,All causes,Probability of death,Probability of death,1.0,,
country,Region of the Americas,URY,Uruguay,Male,All ages,2023,All causes,Probability of death,Probability of death,1.0,,
country,Region of the Americas,URY,Uruguay,Female,All ages,2023,All causes,Probability of death,Probability of death,1.0,,
country,Region of the Americas,URY,Uruguay,Both,All ages,2023,All causes,Probability of death,Probability of death,1.0,,
country,Region of the Americas,CAN,Canada,Male,All ages,2023,All causes,Probability of death,Probability of death,1.0,,
country,Region of the Americas,CAN,Canada,Female,All ages,2023,All causes,Probability of death,Probability of death,1.0,,
country,Region of the Americas,CAN,Canada,Both,All ages,2023,All causes,Probability of death,Probability of death,1.0,,
country,Region of the Americas,USA,United States of America,Male,All ages,2023,All causes,Probability of death,Probability of death,1.0,,
country,Region of the Americas,USA,United States of America,Female,All ages,2023,All causes,Probability of death,Probability of death,1.0,,
country,Region of the Americas,USA,United States of America,Both,All ages,2023,All causes,Probability of death,Probability of death,1.0,,
country,Region of the Americas,ATG,Antigua and Barbuda,Male,All ages,2023,All causes,Probability of death,Probability of death,1.0,,
country,Region of the Americas,ATG,Antigua and Barbuda,Female,All ages,2023,All causes,Probability of death,Probability of death,1.0,,
country,Region of the Americas,ATG,Antigua and Barbuda,Both,All ages,2023,All causes,Probability of death,Probability of death,1.0,,
country,Region of the Americas,BHS,Bahamas,Male,All ages,2023,All causes,Probability of death,Probability of death,1.0,,
country,Region of the Americas,BHS,Bahamas,Female,All ages,2023,All causes,Probability of death,Probability of death,1.0,,
country,Region of the Americas,BHS,Bahamas,Both,All ages,2023,All causes,Probability of death,Probability of death,1.0,,
country,Region of the Americas,BRB,Barbados,Male,All ages,2023,All causes,Probability of death,Probability of death,1.0,,
country,Region of the Americas,BRB,Barbados,Female,All ages,2023,All causes,Probability of death,Probability of death,1.0,,
country,Region of the Americas,BRB,Barbados,Both,All ages,2023,All causes,Probability of death,Probability of death,1.0,,
country,Region of the Americas,BLZ,Belize,Male,All ages,2023,All causes,Probability of death,Probability of death,1.0,,
country,Region of the Americas,BLZ,Belize,Female,All ages,2023,All causes,Probability of death,Probability of death,1.0,,
country,Region of the Americas,BLZ,Belize,Both,All ages,2023,All causes,Probability of death,Probability of death,1.0,,
country,Region of the Americas,CUB,Cuba,Male,All ages,2023,All causes,Probability of death,Probability of death,1.0,,
country,Region of the Americas,CUB,Cuba,Female,All ages,2023,All causes,Probability of death,Probability of death,1.0,,
country,Region of the Americas,CUB,Cuba,Both,All ages,2023,All causes,Probability of death,Probability of death,1.0,,
country,,DMA,Dominica,Male,All ages,2023,All causes,Probability of death,Probability of death,1.0,,
country,,DMA,Dominica,Female,All ages,2023,All causes,Probability of death,Probability of death,1.0,,
country,,DMA,Dominica,Both,All ages,2023,All causes,Probability of death,Probability of death,1.0,,
country,Region of the Americas,DOM,Dominican Republic,Male,All ages,2023,All causes,Probability of death,Probability of death,1.0,,
country,Region of the Americas,DOM,Dominican Republic,Female,All ages,2023,All causes,Probability of death,Probability of death,1.0,,
country,Region of the Americas,DOM,Dominican Republic,Both,All ages,2023,All causes,Probability of death,Probability of death,1.0,,
country,Region of the Americas,GRD,Grenada,Male,All ages,2023,All causes,Probability of death,Probability of death,1.0,,
country,Region of the Americas,GRD,Grenada,Female,All ages,2023,All causes,Probability of death,Probability of death,1.0,,
country,Region of the Americas,GRD,Grenada,Both,All ages,2023,All causes,Probability of death,Probability of death,1.0,,
country,Region of the Americas,GUY,Guyana,Male,All ages,2023,All causes,Probability of death,Probability of death,1.0,,
country,Region of the Americas,GUY,Guyana,Female,All ages,2023,All causes,Probability of death,Probability of death,1.0,,
country,Region of the Americas,GUY,Guyana,Both,All ages,2023,All causes,Probability of death,Probability of death,1.0,,
country,Region of the Americas,HTI,Haiti,Male,All ages,2023,All causes,Probability of death,Probability of death,1.0,,
country,Region of the Americas,HTI,Haiti,Female,All ages,2023,All causes,Probability of death,Probability of death,1.0,,
country,Region of the Americas,HTI,Haiti,Both,All ages,2023,All causes,Probability of death,Probability of death,1.0,,
country,Region of the Americas,JAM,Jamaica,Male,All ages,2023,All causes,Probability of death,Probability of death,1.0,,
country,Region of the Americas,JAM,Jamaica,Female,All ages,2023,All causes,Probability of death,Probability of death,1.0,,
country,Region of the Americas,JAM,Jamaica,Both,All ages,2023,All causes,Probability of death,Probability of death,1.0,,
country,Region of the Americas,LCA,Saint Lucia,Male,All ages,2023,All causes,Probability of death,Probability of death,1.0,,
country,Region of the Americas,LCA,Saint Lucia,Female,All ages,2023,All causes,Probability of death,Probability of death,1.0,,
country,Region of the Americas,LCA,Saint Lucia,Both,All ages,2023,All causes,Probability of death,Probability of death,1.0,,
country,Region of the Americas,VCT,Saint Vincent and the Grenadines,Male,All ages,2023,All causes,Probability of death,Probability of death,1.0,,
country,Region of the Americas,VCT,Saint Vincent and the Grenadines,Female,All ages,2023,All causes,Probability of death,Probability of death,1.0,,
country,Region of the Americas,VCT,Saint Vincent and the Grenadines,Both,All ages,2023,All causes,Probability of death,Probability of death,1.0,,
country,Region of the Americas,SUR,Suriname,Male,All ages,2023,All causes,Probability of death,Probability of death,1.0,,
country,Region of the Americas,SUR,Suriname,Female,All ages,2023,All causes,Probability of death,Probability of death,1.0,,
country,Region of the Americas,SUR,Suriname,Both,All ages,2023,All causes,Probability of death,Probability of death,1.0,,
country,Region of the Americas,TTO,Trinidad and Tobago,Male,All ages,2023,All causes,Probability of death,Probability of death,1.0,,
country,Region of the Americas,TTO,Trinidad and Tobago,Female,All ages,2023,All causes,Probability of death,Probability of death,1.0,,
country,Region of the Americas,TTO,Trinidad and Tobago,Both,All ages,2023,All causes,Probability of death,Probability of death,1.0,,
country,Region of the Americas,ECU,Ecuador,Male,All ages,2023,All causes,Probability of death,Probability of death,1.0,,
country,Region of the Americas,ECU,Ecuador,Female,All ages,2023,All causes,Probability of death,Probability of death,1.0,,
country,Region of the Americas,ECU,Ecuador,Both,All ages,2023,All causes,Probability of death,Probability of death,1.0,,
country,Region of the Americas,PER,Peru,Male,All ages,2023,All causes,Probability of death,Probability of death,1.0,,
country,Region of the Americas,PER,Peru,Female,All ages,2023,All causes,Probability of death,Probability of death,1.0,,
country,Region of the Americas,PER,Peru,Both,All ages,2023,All causes,Probability of death,Probability of death,1.0,,
country,Region of the Americas,COL,Colombia,Male,All ages,2023,All causes,Probability of death,Probability of death,1.0,,
country,Region of the Americas,COL,Colombia,Female,All ages,2023,All causes,Probability of death,Probability of death,1.0,,
country,Region of the Americas,COL,Colombia,Both,All ages,2023,All causes,Probability of death,Probability of death,1.0,,
country,Region of the Americas,CRI,Costa Rica,Male,All ages,2023,All causes,Probability of death,Probability of death,1.0,,
country,Region of the Americas,CRI,Costa Rica,Female,All ages,2023,All causes,Probability of death,Probability of death,1.0,,
country,Region of the Americas,CRI,Costa Rica,Both,All ages,2023,All causes,Probability of death,Probability of death,1.0,,
country,Region of the Americas,SLV,El Salvador,Male,All ages,2023,All causes,Probability of death,Probability of death,1.0,,
country,Region of the Americas,SLV,El Salvador,Female,All ages,2023,All causes,Probability of death,Probability of death,1.0,,
country,Region of the Americas,SLV,El Salvador,Both,All ages,2023,All causes,Probability of death,Probability of death,1.0,,
country,Region of the Americas,GTM,Guatemala,Male,All ages,2023,All causes,Probability of death,Probability of death,1.0,,
country,Region of the Americas,GTM,Guatemala,Female,All ages,2023,All causes,Probability of death,Probability of death,1.0,,
country,Region of the Americas,GTM,Guatemala,Both,All ages,2023,All causes,Probability of death,Probability of death,1.0,,
country,Region of the Americas,HND,Honduras,Male,All ages,2023,All causes,Probability of death,Probability of death,1.0,,
country,Region of the Americas,HND,Honduras,Female,All ages,2023,All causes,Probability of death,Probability of death,1.0,,
country,Region of the Americas,HND,Honduras,Both,All ages,2023,All causes,Probability of death,Probability of death,1.0,,
country,Region of the Americas,MEX,Mexico,Male,All ages,2023,All causes,Probability of death,Probability of death,1.0,,
country,Region of the Americas,MEX,Mexico,Female,All ages,2023,All causes,Probability of death,Probability of death,1.0,,
country,Region of the Americas,MEX,Mexico,Both,All ages,2023,All causes,Probability of death,Probability of death,1.0,,
country,African Region,MOZ,Mozambique,Male,All ages,2023,All causes,Probability of death,Probability of death,1.0,,
country,African Region,MOZ,Mozambique,Female,All ages,2023,All causes,Probability of death,Probability of death,1.0,,
country,African Region,MOZ,Mozambique,Both,All ages,2023,All causes,Probability of death,Probability of death,1.0,,
country,African Region,RWA,Rwanda,Male,All ages,2023,All causes,Probability of death,Probability of death,1.0,,
country,African Region,RWA,Rwanda,Female,All ages,2023,All causes,Probability of death,Probability of death,1.0,,
country,African Region,RWA,Rwanda,Both,All ages,2023,All causes,Probability of death,Probability of death,1.0,,
country,African Region,SYC,Seychelles,Male,All ages,2023,All causes,Probability of death,Probability of death,1.0,,
country,African Region,SYC,Seychelles,Female,All ages,2023,All causes,Probability of death,Probability of death,1.0,,
country,African Region,SYC,Seychelles,Both,All ages,2023,All causes,Probability of death,Probability of death,1.0,,
country,Eastern Mediterranean Region,SOM,Somalia,Male,All ages,2023,All causes,Probability of death,Probability of death,1.0,,
country,Eastern Mediterranean Region,SOM,Somalia,Female,All ages,2023,All causes,Probability of death,Probability of death,1.0,,
country,Eastern Mediterranean Region,SOM,Somalia,Both,All ages,2023,All causes,Probability of death,Probability of death,1.0,,
country,African Region,TZA,United Republic of Tanzania,Male,All ages,2023,All causes,Probability of death,Probability of death,1.0,,
country,African Region,TZA,United Republic of Tanzania,Female,All ages,2023,All causes,Probability of death,Probability of death,1.0,,
country,African Region,TZA,United Republic of Tanzania,Both,All ages,2023,All causes,Probability of death,Probability of death,1.0,,
country,African Region,UGA,Uganda,Male,All ages,2023,All causes,Probability of death,Probability of death,1.0,,
country,African Region,UGA,Uganda,Female,All ages,2023,All causes,Probability of death,Probability of death,1.0,,
country,African Region,UGA,Uganda,Both,All ages,2023,All causes,Probability of death,Probability of death,1.0,,
country,African Region,ZMB,Zambia,Male,All ages,2023,All causes,Probability of death,Probability of death,1.0,,
country,African Region,ZMB,Zambia,Female,All ages,2023,All causes,Probability of death,Probability of death,1.0,,
country,African Region,ZMB,Zambia,Both,All ages,2023,All causes,Probability of death,Probability of death,1.0,,
country,African Region,BWA,Botswana,Male,All ages,2023,All causes,Probability of death,Probability of death,1.0,,
country,African Region,BWA,Botswana,Female,All ages,2023,All causes,Probability of death,Probability of death,1.0,,
country,African Region,BWA,Botswana,Both,All ages,2023,All causes,Probability of death,Probability of death,1.0,,
country,African Region,LSO,Lesotho,Male,All ages,2023,All causes,Probability of death,Probability of death,1.0,,
country,African Region,LSO,Lesotho,Female,All ages,2023,All causes,Probability of death,Probability of death,1.0,,
country,African Region,LSO,Lesotho,Both,All ages,2023,All causes,Probability of death,Probability of death,1.0,,
country,African Region,NAM,Namibia,Male,All ages,2023,All causes,Probability of death,Probability of death,1.0,,
country,African Region,NAM,Namibia,Female,All ages,2023,All causes,Probability of death,Probability of death,1.0,,
country,African Region,NAM,Namibia,Both,All ages,2023,All causes,Probability of death,Probability of death,1.0,,
country,African Region,ZAF,South Africa,Male,All ages,2023,All causes,Probability of death,Probability of death,1.0,,
country,African Region,ZAF,South Africa,Female,All ages,2023,All causes,Probability of death,Probability of death,1.0,,
country,African Region,ZAF,South Africa,Both,All ages,2023,All causes,Probability of death,Probability of death,1.0,,
country,African Region,SWZ,Eswatini,Male,All ages,2023,All causes,Probability of death,Probability of death,1.0,,
country,African Region,SWZ,Eswatini,Female,All ages,2023,All causes,Probability of death,Probability of death,1.0,,
country,African Region,SWZ,Eswatini,Both,All ages,2023,All causes,Probability of death,Probability of death,1.0,,
country,African Region,ZWE,Zimbabwe,Male,All ages,2023,All causes,Probability of death,Probability of death,1.0,,
country,African Region,ZWE,Zimbabwe,Female,All ages,2023,All causes,Probability of death,Probability of death,1.0,,
country,African Region,ZWE,Zimbabwe,Both,All ages,2023,All causes,Probability of death,Probability of death,1.0,,
country,African Region,BEN,Benin,Male,All ages,2023,All causes,Probability of death,Probability of death,1.0,,
country,African Region,BEN,Benin,Female,All ages,2023,All causes,Probability of death,Probability of death,1.0,,
country,African Region,BEN,Benin,Both,All ages,2023,All causes,Probability of death,Probability of death,1.0,,
country,African Region,BFA,Burkina Faso,Male,All ages,2023,All causes,Probability of death,Probability of death,1.0,,
country,African Region,BFA,Burkina Faso,Female,All ages,2023,All causes,Probability of death,Probability of death,1.0,,
country,African Region,BFA,Burkina Faso,Both,All ages,2023,All causes,Probability of death,Probability of death,1.0,,
country,African Region,CMR,Cameroon,Male,All ages,2023,All causes,Probability of death,Probability of death,1.0,,
country,African Region,CMR,Cameroon,Female,All ages,2023,All causes,Probability of death,Probability of death,1.0,,
country,African Region,CMR,Cameroon,Both,All ages,2023,All causes,Probability of death,Probability of death,1.0,,
country,African Region,CPV,Cabo Verde,Male,All ages,2023,All causes,Probability of death,Probability of death,1.0,,
country,African Region,CPV,Cabo Verde,Female,All ages,2023,All causes,Probability of death,Probability of death,1.0,,
country,African Region,CPV,Cabo Verde,Both,All ages,2023,All causes,Probability of death,Probability of death,1.0,,
country,African Region,TCD,Chad,Male,All ages,2023,All causes,Probability of death,Probability of death,1.0,,
country,African Region,TCD,Chad,Female,All ages,2023,All causes,Probability of death,Probability of death,1.0,,
country,African Region,TCD,Chad,Both,All ages,2023,All causes,Probability of death,Probability of death,1.0,,
country,African Region,CIV,Côte d'Ivoire,Male,All ages,2023,All causes,Probability of death,Probability of death,1.0,,
country,African Region,CIV,Côte d'Ivoire,Female,All ages,2023,All causes,Probability of death,Probability of death,1.0,,
country,African Region,CIV,Côte d'Ivoire,Both,All ages,2023,All causes,Probability of death,Probability of death,1.0,,
country,African Region,GMB,Gambia,Male,All ages,2023,All causes,Probability of death,Probability of death,1.0,,
country,African Region,GMB,Gambia,Female,All ages,2023,All causes,Probability of death,Probability of death,1.0,,
country,African Region,GMB,Gambia,Both,All ages,2023,All causes,Probability of death,Probability of death,1.0,,
country,African Region,GHA,Ghana,Male,All ages,2023,All causes,Probability of death,Probability of death,1.0,,
country,African Region,GHA,Ghana,Female,All ages,2023,All causes,Probability of death,Probability of death,1.0,,
country,African Region,GHA,Ghana,Both,All ages,2023,All causes,Probability of death,Probability of death,1.0,,
country,African Region,GIN,Guinea,Male,All ages,2023,All causes,Probability of death,Probability of death,1.0,,
country,African Region,GIN,Guinea,Female,All ages,2023,All causes,Probability of death,Probability of death,1.0,,
country,African Region,GIN,Guinea,Both,All ages,2023,All causes,Probability of death,Probability of death,1.0,,
country,African Region,GNB,Guinea-Bissau,Male,All ages,2023,All causes,Probability of death,Probability of death,1.0,,
country,African Region,GNB,Guinea-Bissau,Female,All ages,2023,All causes,Probability of death,Probability of death,1.0,,
country,African Region,GNB,Guinea-Bissau,Both,All ages,2023,All causes,Probability of death,Probability of death,1.0,,
country,African Region,LBR,Liberia,Male,All ages,2023,All causes,Probability of death,Probability of death,1.0,,
country,African Region,LBR,Liberia,Female,All ages,2023,All causes,Probability of death,Probability of death,1.0,,
country,African Region,LBR,Liberia,Both,All ages,2023,All causes,Probability of death,Probability of death,1.0,,
country,African Region,MLI,Mali,Male,All ages,2023,All causes,Probability of death,Probability of death,1.0,,
country,African Region,MLI,Mali,Female,All ages,2023,All causes,Probability of death,Probability of death,1.0,,
country,African Region,MLI,Mali,Both,All ages,2023,All causes,Probability of death,Probability of death,1.0,,
country,African Region,MRT,Mauritania,Male,All ages,2023,All causes,Probability of death,Probability of death,1.0,,
country,African Region,MRT,Mauritania,Female,All ages,2023,All causes,Probability of death,Probability of death,1.0,,
country,African Region,MRT,Mauritania,Both,All ages,2023,All causes,Probability of death,Probability of death,1.0,,
country,African Region,NER,Niger,Male,All ages,2023,All causes,Probability of death,Probability of death,1.0,,
country,African Region,NER,Niger,Female,All ages,2023,All causes,Probability of death,Probability of death,1.0,,
country,African Region,NER,Niger,Both,All ages,2023,All causes,Probability of death,Probability of death,1.0,,
country,African Region,NGA,Nigeria,Male,All ages,2023,All causes,Probability of death,Probability of death,1.0,,
country,African Region,NGA,Nigeria,Female,All ages,2023,All causes,Probability of death,Probability of death,1.0,,
country,African Region,NGA,Nigeria,Both,All ages,2023,All causes,Probability of death,Probability of death,1.0,,
country,African Region,STP,Sao Tome and Principe,Male,All ages,2023,All causes,Probability of death,Probability of death,1.0,,
country,African Region,STP,Sao Tome and Principe,Female,All ages,2023,All causes,Probability of death,Probability of death,1.0,,
country,African Region,STP,Sao Tome and Principe,Both,All ages,2023,All causes,Probability of death,Probability of death,1.0,,
country,African Region,SEN,Senegal,Male,All ages,2023,All causes,Probability of death,Probability of death,1.0,,
country,African Region,SEN,Senegal,Female,All ages,2023,All causes,Probability of death,Probability of death,1.0,,
country,African Region,SEN,Senegal,Both,All ages,2023,All causes,Probability of death,Probability of death,1.0,,
country,African Region,SLE,Sierra Leone,Male,All ages,2023,All causes,Probability of death,Probability of death,1.0,,
country,African Region,SLE,Sierra Leone,Female,All ages,2023,All causes,Probability of death,Probability of death,1.0,,
country,African Region,SLE,Sierra Leone,Both,All ages,2023,All causes,Probability of death,Probability of death,1.0,,
country,African Region,TGO,Togo,Male,All ages,2023,All causes,Probability of death,Probability of death,1.0,,
country,African Region,TGO,Togo,Female,All ages,2023,All causes,Probability of death,Probability of death,1.0,,
country,African Region,TGO,Togo,Both,All ages,2023,All causes,Probability of death,Probability of death,1.0,,
country,,ASM,American Samoa,Male,All ages,2023,All causes,Probability of death,Probability of death,1.0,,
country,,ASM,American Samoa,Female,All ages,2023,All causes,Probability of death,Probability of death,1.0,,
country,,ASM,American Samoa,Both,All ages,2023,All causes,Probability of death,Probability of death,1.0,,
country,,BMU,Bermuda,Male,All ages,2023,All causes,Probability of death,Probability of death,1.0,,
country,,BMU,Bermuda,Female,All ages,2023,All causes,Probability of death,Probability of death,1.0,,
country,,BMU,Bermuda,Both,All ages,2023,All causes,Probability of death,Probability of death,1.0,,
country,,COK,Cook Islands,Male,All ages,2023,All causes,Probability of death,Probability of death,1.0,,
country,,COK,Cook Islands,Female,All ages,2023,All causes,Probability of death,Probability of death,1.0,,
country,,COK,Cook Islands,Both,All ages,2023,All causes,Probability of death,Probability of death,1.0,,
country,,GRL,Greenland,Male,All ages,2023,All causes,Probability of death,Probability of death,1.0,,
country,,GRL,Greenland,Female,All ages,2023,All causes,Probability of death,Probability of death,1.0,,
country,,GRL,Greenland,Both,All ages,2023,All causes,Probability of death,Probability of death,1.0,,
country,,GUM,Guam,Male,All ages,2023,All causes,Probability of death,Probability of death,1.0,,
country,,GUM,Guam,Female,All ages,2023,All causes,Probability of death,Probability of death,1.0,,
country,,GUM,Guam,Both,All ages,2023,All causes,Probability of death,Probability of death,1.0,,
country,,MCO,Monaco,Male,All ages,2023,All causes,Probability of death,Probability of death,1.0,,
country,,MCO,Monaco,Female,All ages,2023,All causes,Probability of death,Probability of death,1.0,,
country,,MCO,Monaco,Both,All ages,2023,All causes,Probability of death,Probability of death,1.0,,
country,,MNP,Northern Mariana Islands,Male,All ages,2023,All causes,Probability of death,Probability of death,1.0,,
country,,MNP,Northern Mariana Islands,Female,All ages,2023,All causes,Probability of death,Probability of death,1.0,,
country,,MNP,Northern Mariana Islands,Both,All ages,2023,All causes,Probability of death,Probability of death,1.0,,
country,,PLW,Palau,Male,All ages,2023,All causes,Probability of death,Probability of death,1.0,,
country,,PLW,Palau,Female,All ages,2023,All causes,Probability of death,Probability of death,1.0,,
country,,PLW,Palau,Both,All ages,2023,All causes,Probability of death,Probability of death,1.0,,
country,,PRI,Puerto Rico,Male,All ages,2023,All causes,Probability of death,Probability of death,1.0,,
country,,PRI,Puerto Rico,Female,All ages,2023,All causes,Probability of death,Probability of death,1.0,,
country,,PRI,Puerto Rico,Both,All ages,2023,All causes,Probability of death,Probability of death,1.0,,
country,,KNA,Saint Kitts and Nevis,Male,All ages,2023,All causes,Probability of death,Probability of death,1.0,,
country,,KNA,Saint Kitts and Nevis,Female,All ages,2023,All causes,Probability of death,Probability of death,1.0,,
country,,KNA,Saint Kitts and Nevis,Both,All ages,2023,All causes,Probability of death,Probability of death,1.0,,
country,,SMR,San Marino,Male,All ages,2023,All causes,Probability of death,Probability of death,1.0,,
country,,SMR,San Marino,Female,All ages,2023,All causes,Probability of death,Probability of death,1.0,,
country,,SMR,San Marino,Both,All ages,2023,All causes,Probability of death,Probability of death,1.0,,
country,,TKL,Tokelau,Male,All ages,2023,All causes,Probability of death,Probability of death,1.0,,
country,,TKL,Tokelau,Female,All ages,2023,All causes,Probability of death,Probability of death,1.0,,
country,,TKL,Tokelau,Both,All ages,2023,All causes,Probability of death,Probability of death,1.0,,
country,,TUV,Tuvalu,Male,All ages,2023,All causes,Probability of death,Probability of death,1.0,,
country,,TUV,Tuvalu,Female,All ages,2023,All causes,Probability of death,Probability of death,1.0,,
country,,TUV,Tuvalu,Both,All ages,2023,All causes,Probability of death,Probability of death,1.0,,
country,,VIR,United States Virgin Islands,Male,All ages,2023,All causes,Probability of death,Probability of death,1.0,,
country,,VIR,United States Virgin Islands,Female,All ages,2023,All causes,Probability of death,Probability of death,1.0,,
country,,VIR,United States Virgin Islands,Both,All ages,2023,All causes,Probability of death,Probability of death,1.0,,
country,African Region,SSD,South Sudan,Male,All ages,2023,All causes,Probability of death,Probability of death,1.0,,
country,African Region,SSD,South Sudan,Female,All ages,2023,All causes,Probability of death,Probability of death,1.0,,
country,African Region,SSD,South Sudan,Both,All ages,2023,All causes,Probability of death,Probability of death,1.0,,
who_region,African Region,,African Region,Both,All ages,2023,All causes,Probability of death,Probability of death,1.0,0.0,0.0
who_region,African Region,,African Region,Female,All ages,2023,All causes,Probability of death,Probability of death,1.0,0.0,0.0
who_region,African Region,,African Region,Male,All ages,2023,All causes,Probability of death,Probability of death,1.0,0.0,0.0
who_region,Eastern Mediterranean Region,,Eastern Mediterranean Region,Both,All ages,2023,All causes,Probability of death,Probability of death,1.0,0.0,0.0
who_region,Eastern Mediterranean Region,,Eastern Mediterranean Region,Female,All ages,2023,All causes,Probability of death,Probability of death,1.0,0.0,0.0
who_region,Eastern Mediterranean Region,,Eastern Mediterranean Region,Male,All ages,2023,All causes,Probability of death,Probability of death,1.0,0.0,0.0
who_region,European Region,,European Region,Both,All ages,2023,All causes,Probability of death,Probability of death,1.0,0.0,0.0
who_region,European Region,,European Region,Female,All ages,2023,All causes,Probability of death,Probability of death,1.0,0.0,0.0
who_region,European Region,,European Region,Male,All ages,2023,All causes,Probability of death,Probability of death,1.0,0.0,0.0
who_region,Region of the Americas,,Region of the Americas,Both,All ages,2023,All causes,Probability of death,Probability of death,1.0,0.0,0.0
who_region,Region of the Americas,,Region of the Americas,Female,All ages,2023,All causes,Probability of death,Probability of death,1.0,0.0,0.0
who_region,Region of the Americas,,Region of the Americas,Male,All ages,2023,All causes,Probability of death,Probability of death,1.0,0.0,0.0
who_region,South-East Asia Region,,South-East Asia Region,Both,All ages,2023,All causes,Probability of death,Probability of death,1.0,0.0,0.0
who_region,South-East Asia Region,,South-East Asia Region,Female,All ages,2023,All causes,Probability of death,Probability of death,1.0,0.0,0.0
who_region,South-East Asia Region,,South-East Asia Region,Male,All ages,2023,All causes,Probability of death,Probability of death,1.0,0.0,0.0
who_region,Western Pacific Region,,Western Pacific Region,Both,All ages,2023,All causes,Probability of death,Probability of death,1.0,0.0,0.0
who_region,Western Pacific Region,,Western Pacific Region,Female,All ages,2023,All causes,Probability of death,Probability of death,1.0,0.0,0.0
who_region,Western Pacific Region,,Western Pacific Region,Male,All ages,2023,All causes,Probability of death,Probability of death,1.0,0.0,0.0
global,Global,,Global,Both,All ages,2023,All causes,Probability of death,Probability of death,1.0,0.0,0.0
global,Global,,Global,Female,All ages,2023,All causes,Probability of death,Probability of death,1.0,0.0,0.0
global,Global,,Global,Male,All ages,2023,All causes,Probability of death,Probability of death,1.0,0.0,0.0
